ID,Year_Birth,Education,Marital_Status,Income,Kidhome,Teenhome,Dt_Customer,Recency,MntWines,MntFruits,MntMeatProducts,MntFishProducts,MntSweetProducts,MntGoldProds,NumDealsPurchases,NumWebPurchases,NumCatalogPurchases,NumStorePurchases,NumWebVisitsMonth,AcceptedCmp3,AcceptedCmp4,AcceptedCmp5,AcceptedCmp1,AcceptedCmp2,Complain,Z_CostContact,Z_Revenue,Response
5524,1957,Graduation,Single,58138,0,0,04/09/2012,58,635,88,546,172,88,88,3,8,10,4,7,0,0,0,0,0,0,3,11,1
2174,1954,Graduation,Single,46344,1,1,08/03/2014,38,11,1,6,2,1,6,2,1,1,2,5,0,0,0,0,0,0,3,11,0
4141,1965,Graduation,Together,71613,0,0,21/08/2013,26,426,49,127,111,21,42,1,8,2,10,4,0,0,0,0,0,0,3,11,0
6182,1984,Graduation,Together,26646,1,0,10/02/2014,26,11,4,20,10,3,5,2,2,0,4,6,0,0,0,0,0,0,3,11,0
5324,1981,PhD,Married,58293,1,0,19/01/2014,94,173,43,118,46,27,15,5,5,3,6,5,0,0,0,0,0,0,3,11,0
7446,1967,Master,Together,62513,0,1,09/09/2013,16,520,42,98,0,42,14,2,6,4,10,6,0,0,0,0,0,0,3,11,0
965,1971,Graduation,Divorced,55635,0,1,13/11/2012,34,235,65,164,50,49,27,4,7,3,7,6,0,0,0,0,0,0,3,11,0
6177,1985,PhD,Married,33454,1,0,08/05/2013,32,76,10,56,3,1,23,2,4,0,4,8,0,0,0,0,0,0,3,11,0
4855,1974,PhD,Together,30351,1,0,06/06/2013,19,14,0,24,3,3,2,1,3,0,2,9,0,0,0,0,0,0,3,11,1
5899,1950,PhD,Together,5648,1,1,13/03/2014,68,28,0,6,1,1,13,1,1,0,0,20,1,0,0,0,0,0,3,11,0
1994,1983,Graduation,Married,,1,0,15/11/2013,11,5,5,6,0,2,1,1,1,0,2,7,0,0,0,0,0,0,3,11,0
387,1976,Basic,Married,7500,0,0,13/11/2012,59,6,16,11,11,1,16,1,2,0,3,8,0,0,0,0,0,0,3,11,0
2125,1959,Graduation,Divorced,63033,0,0,15/11/2013,82,194,61,480,225,112,30,1,3,4,8,2,0,0,0,0,0,0,3,11,0
8180,1952,Master,Divorced,59354,1,1,15/11/2013,53,233,2,53,3,5,14,3,6,1,5,6,0,0,0,0,0,0,3,11,0
2569,1987,Graduation,Married,17323,0,0,10/10/2012,38,3,14,17,6,1,5,1,1,0,3,8,0,0,0,0,0,0,3,11,0
2114,1946,PhD,Single,82800,0,0,24/11/2012,23,1006,22,115,59,68,45,1,7,6,12,3,0,0,1,1,0,0,3,11,1
9736,1980,Graduation,Married,41850,1,1,24/12/2012,51,53,5,19,2,13,4,3,3,0,3,8,0,0,0,0,0,0,3,11,0
4939,1946,Graduation,Together,37760,0,0,31/08/2012,20,84,5,38,150,12,28,2,4,1,6,7,0,0,0,0,0,0,3,11,0
6565,1949,Master,Married,76995,0,1,28/03/2013,91,1012,80,498,0,16,176,2,11,4,9,5,0,0,0,1,0,0,3,11,0
2278,1985,2n Cycle,Single,33812,1,0,03/11/2012,86,4,17,19,30,24,39,2,2,1,3,6,0,0,0,0,0,0,3,11,0
9360,1982,Graduation,Married,37040,0,0,08/08/2012,41,86,2,73,69,38,48,1,4,2,5,8,0,0,0,0,0,0,3,11,0
5376,1979,Graduation,Married,2447,1,0,06/01/2013,42,1,1,1725,1,1,1,15,0,28,0,1,0,0,0,0,0,0,3,11,0
1993,1949,PhD,Married,58607,0,1,23/12/2012,63,867,0,86,0,0,19,3,2,3,9,8,0,1,0,0,0,0,3,11,0
4047,1954,PhD,Married,65324,0,1,11/01/2014,0,384,0,102,21,32,5,3,6,2,9,4,0,0,0,0,0,0,3,11,0
1409,1951,Graduation,Together,40689,0,1,18/03/2013,69,270,3,27,39,6,99,7,7,1,5,8,0,0,0,0,0,0,3,11,0
7892,1969,Graduation,Single,18589,0,0,02/01/2013,89,6,4,25,15,12,13,2,2,1,3,7,0,0,0,0,0,0,3,11,0
2404,1976,Graduation,Married,53359,1,1,27/05/2013,4,173,4,30,3,6,41,4,5,1,4,7,0,0,0,0,0,0,3,11,0
5255,1986,Graduation,Single,,1,0,20/02/2013,19,5,1,3,3,263,362,0,27,0,0,1,0,0,0,0,0,0,3,11,0
9422,1989,Graduation,Married,38360,1,0,31/05/2013,26,36,2,42,20,21,10,2,2,1,4,3,0,0,0,0,0,0,3,11,0
1966,1965,PhD,Married,84618,0,0,22/11/2013,96,684,100,801,21,66,0,1,6,9,10,2,0,0,1,0,0,0,3,11,0
6864,1989,Master,Divorced,10979,0,0,22/05/2014,34,8,4,10,2,2,4,2,3,0,3,5,0,0,0,0,0,0,3,11,0
3033,1963,Master,Together,38620,0,0,11/05/2013,56,112,17,44,34,22,89,1,2,5,3,3,0,0,0,0,0,0,3,11,0
5710,1970,Graduation,Together,40548,0,1,10/10/2012,31,110,0,5,2,0,3,2,2,1,4,5,0,1,0,0,0,0,3,11,0
7373,1952,PhD,Divorced,46610,0,2,29/10/2012,8,96,12,96,33,22,43,6,4,1,6,6,0,0,0,0,0,0,3,11,1
8755,1946,Master,Married,68657,0,0,20/02/2013,4,482,34,471,119,68,22,1,3,5,9,7,0,0,0,0,0,0,3,11,0
10738,1951,Master,Single,49389,1,1,29/08/2013,55,40,0,19,2,1,3,1,2,0,3,7,0,0,0,0,0,0,3,11,0
4339,1970,PhD,Married,67353,0,1,31/12/2013,37,702,17,151,0,8,35,5,5,6,12,2,0,0,0,0,0,0,3,11,0
10755,1976,2n Cycle,Married,23718,1,0,02/09/2013,76,6,3,14,15,7,36,3,3,1,2,7,0,0,0,0,0,0,3,11,0
8595,1973,Graduation,Widow,42429,0,1,11/02/2014,99,55,0,6,2,0,4,2,1,1,3,5,0,0,0,0,0,0,3,11,0
2968,1943,PhD,Divorced,48948,0,0,01/02/2013,53,437,8,206,160,49,42,2,7,10,5,6,1,0,0,0,0,0,3,11,1
8601,1980,Graduation,Married,80011,0,1,29/04/2013,3,421,76,536,82,178,102,2,8,6,5,4,0,0,0,0,0,0,3,11,0
503,1985,Master,Married,20559,1,0,12/03/2013,88,13,1,29,3,0,7,2,2,0,3,8,0,0,0,0,0,0,3,11,0
8430,1957,Graduation,Together,21994,0,1,24/12/2012,4,9,0,6,3,1,3,1,0,0,3,5,0,0,0,0,0,0,3,11,0
7281,1959,PhD,Single,,0,0,05/11/2013,80,81,11,50,3,2,39,1,1,3,4,2,0,0,0,0,0,0,3,11,0
2139,1975,Master,Married,7500,1,0,02/10/2013,19,3,1,10,3,2,12,3,2,0,3,5,0,0,0,0,0,0,3,11,0
1371,1976,Graduation,Single,79941,0,0,28/06/2014,72,123,164,266,227,30,174,1,2,4,9,1,0,0,0,0,0,0,3,11,0
9909,1996,2n Cycle,Married,7500,0,0,09/11/2012,24,3,18,14,15,22,50,3,3,1,3,9,0,0,0,0,0,0,3,11,1
7286,1968,Graduation,Together,41728,1,0,24/05/2013,92,13,6,15,3,5,13,1,2,0,2,10,0,0,0,0,0,0,3,11,0
7244,1951,Graduation,Single,,2,1,01/01/2014,96,48,5,48,6,10,7,3,2,1,4,6,0,0,0,0,0,0,3,11,0
6566,1954,PhD,Married,72550,1,1,08/11/2012,39,826,50,317,50,38,38,9,5,2,12,8,0,0,0,0,0,0,3,11,0
8614,1957,Graduation,Widow,65486,0,1,12/05/2014,29,245,19,125,37,67,14,1,4,2,10,2,0,0,0,0,0,0,3,11,0
4114,1964,Master,Married,79143,0,0,11/08/2012,2,650,37,780,27,167,32,1,6,9,13,3,0,0,0,0,0,0,3,11,0
1331,1977,Graduation,Single,35790,1,0,02/01/2013,54,12,6,20,30,1,3,2,2,0,3,7,0,0,0,0,0,0,3,11,0
2225,1977,Graduation,Divorced,82582,0,0,07/06/2014,54,510,120,550,156,40,241,1,4,9,7,1,1,0,0,1,0,0,3,11,1
9381,1978,Graduation,Married,66373,1,1,12/06/2013,57,328,9,124,12,24,109,7,4,2,10,3,0,0,0,0,0,0,3,11,0
6260,1955,Master,Together,82384,0,0,19/11/2012,55,984,51,432,180,120,190,1,3,10,13,1,0,0,1,0,0,0,3,11,1
10383,1966,Graduation,Divorced,70287,0,0,02/04/2013,30,295,35,482,121,120,40,1,5,5,10,3,0,0,0,0,0,0,3,11,1
7437,1988,Graduation,Single,27938,1,0,28/04/2014,31,13,0,8,2,1,5,1,1,0,4,3,0,0,0,0,0,0,3,11,0
8557,1982,Graduation,Single,,1,0,17/06/2013,57,11,3,22,2,2,6,2,2,0,3,6,0,0,0,0,0,0,3,11,0
8375,1968,PhD,Married,55954,0,1,03/03/2014,63,447,0,28,0,0,43,3,8,2,6,7,0,0,0,0,0,0,3,11,0
6853,1982,Master,Single,75777,0,0,04/07/2013,12,712,26,538,69,13,80,1,3,6,11,1,0,1,1,0,0,0,3,11,1
3076,1975,Graduation,Together,66653,1,1,07/09/2012,18,452,18,102,16,18,6,4,4,2,12,3,0,0,0,0,0,0,3,11,0
1012,1952,Graduation,Single,61823,0,1,18/02/2013,26,523,7,134,37,14,169,4,8,2,10,7,0,0,0,0,0,0,3,11,0
6518,1951,PhD,Widow,67680,0,1,11/06/2013,8,546,0,48,0,6,6,1,7,3,8,5,0,0,0,0,0,0,3,11,0
4137,1948,Graduation,Together,70666,0,0,06/12/2013,29,398,40,367,119,122,30,1,7,4,4,4,0,0,0,0,0,0,3,11,0
8082,1971,Graduation,Married,25721,1,0,21/05/2013,75,1,3,6,3,6,15,1,1,1,2,7,0,0,0,0,0,0,3,11,1
1386,1967,Graduation,Together,32474,1,1,11/05/2014,0,10,0,1,0,0,0,1,1,0,2,7,0,0,0,0,0,0,3,11,0
9369,1979,2n Cycle,Single,88194,0,1,19/03/2014,19,688,14,309,201,24,38,1,11,10,10,5,1,0,0,1,0,0,3,11,1
4477,1958,Graduation,Together,69096,0,1,27/09/2013,4,247,49,159,7,82,109,1,5,2,10,4,0,0,0,0,0,0,3,11,0
1357,1970,Graduation,Together,74854,1,2,08/04/2013,90,856,59,487,58,29,73,7,2,5,5,5,0,0,0,0,0,0,3,11,0
1402,1954,Master,Married,66991,0,0,11/09/2012,1,496,36,460,189,60,12,3,4,8,6,3,0,0,0,0,0,0,3,11,0
10629,1973,2n Cycle,Married,,1,0,14/09/2012,25,25,3,43,17,4,17,3,3,0,3,8,0,0,0,0,0,0,3,11,0
6312,1959,Graduation,Married,65031,0,1,17/03/2013,29,258,107,291,84,37,86,4,10,3,13,7,0,0,0,0,0,0,3,11,0
8132,1975,PhD,Married,60631,1,1,05/04/2013,88,565,6,65,0,6,19,5,9,2,8,7,0,1,0,0,0,0,3,11,0
1050,1952,Graduation,Married,28332,0,0,30/04/2014,58,14,10,13,4,15,9,1,2,1,4,2,0,0,0,0,0,0,3,11,0
5846,1977,Graduation,Divorced,40246,1,0,19/12/2012,68,2,1,6,2,1,1,1,1,0,2,6,0,0,0,0,0,0,3,11,0
1859,1972,Master,Married,75251,0,0,27/08/2012,34,721,111,925,97,18,18,1,7,6,5,5,0,0,0,0,0,0,3,11,1
7503,1976,Graduation,Single,75825,0,0,12/10/2012,40,1032,105,779,137,105,51,0,5,8,9,4,1,0,0,0,0,0,3,11,1
10401,1976,2n Cycle,Together,26326,0,0,04/09/2013,12,1,0,5,0,3,9,1,0,0,3,3,0,0,0,0,0,1,3,11,0
1618,1965,Graduation,Together,56046,0,0,02/01/2013,9,577,0,64,0,0,51,2,10,1,8,8,1,0,0,0,0,0,3,11,1
3332,1985,Graduation,Single,29760,1,0,29/08/2012,87,64,4,68,7,5,17,4,3,1,4,8,0,0,0,0,0,0,3,11,0
2261,1969,Graduation,Married,26304,1,0,23/06/2013,5,4,1,5,2,0,4,1,1,0,2,7,0,0,0,0,0,0,3,11,0
5346,1973,2n Cycle,Married,23559,1,0,03/07/2013,87,25,5,19,7,0,23,3,3,0,3,7,0,0,0,0,0,0,3,11,0
4119,1963,Master,Together,38620,0,0,11/05/2013,56,112,17,44,34,22,89,1,2,5,3,3,0,0,0,0,0,0,3,11,0
535,1987,Graduation,Divorced,81361,0,0,25/02/2014,18,163,23,424,27,65,76,1,3,10,13,1,0,0,0,0,0,0,3,11,0
5268,1960,Graduation,Married,29440,1,1,11/08/2013,95,17,8,14,10,4,3,2,1,0,4,7,0,0,0,0,0,0,3,11,0
273,1970,Master,Married,36138,1,1,16/07/2013,48,130,0,16,0,0,5,5,3,1,4,7,0,1,0,0,0,0,3,11,0
4452,1957,Graduation,Single,50388,0,1,28/05/2014,3,292,6,37,0,3,34,4,6,1,6,7,0,1,0,1,0,0,3,11,1
8504,1973,Graduation,Married,79593,0,0,12/05/2014,70,350,60,568,110,133,145,1,5,6,7,2,0,0,1,0,0,0,3,11,0
771,1967,Graduation,Together,54178,0,1,21/01/2014,79,135,9,39,4,0,7,1,2,2,5,2,0,0,0,0,0,0,3,11,0
8996,1957,PhD,Married,,2,1,19/11/2012,4,230,42,192,49,37,53,12,7,2,8,9,0,0,0,0,0,0,3,11,0
9235,1957,Graduation,Single,,1,1,27/05/2014,45,7,0,8,2,0,1,1,1,0,2,7,0,0,0,0,0,0,3,11,0
5798,1973,Master,Together,,0,0,23/11/2013,87,445,37,359,98,28,18,1,2,4,8,1,0,0,0,0,0,0,3,11,0
11178,1972,Master,Single,42394,1,0,23/03/2014,69,15,2,10,0,1,4,1,1,0,3,7,0,0,0,0,0,0,3,11,0
2230,1970,PhD,Married,23626,1,0,24/05/2014,84,27,2,14,0,0,0,3,3,1,3,5,0,0,0,0,0,0,3,11,0
7516,1983,Graduation,Married,30096,1,0,22/05/2014,30,5,3,11,12,5,9,1,2,0,3,6,0,0,0,0,0,0,3,11,0
7247,1960,Graduation,Widow,47916,0,1,22/11/2012,72,505,0,26,0,0,75,5,7,4,6,6,0,1,0,0,0,0,3,11,0
11100,1972,Graduation,Divorced,51813,1,1,11/04/2013,37,51,2,7,0,1,2,2,2,0,3,7,0,0,0,0,0,0,3,11,0
4646,1951,2n Cycle,Married,78497,0,0,01/12/2013,44,207,26,447,75,0,223,1,5,7,12,2,0,0,0,1,0,0,3,11,0
3037,1983,PhD,Married,50150,0,0,20/06/2013,32,135,46,92,65,61,11,2,5,2,7,5,0,0,0,0,0,0,3,11,0
1473,1960,2n Cycle,Single,47823,0,1,23/07/2013,0,53,1,5,2,1,10,2,2,0,3,8,0,0,0,0,0,0,3,11,0
1016,1959,PhD,Single,34554,0,1,30/03/2014,43,41,1,6,2,0,5,2,2,0,3,6,0,0,0,0,0,0,3,11,0
4518,1979,Graduation,Together,85693,0,1,20/04/2013,59,386,172,183,185,132,111,2,9,5,11,5,0,0,0,0,0,0,3,11,0
9370,1945,PhD,Married,65846,0,0,17/05/2013,68,562,81,276,80,40,81,1,6,3,6,4,0,0,0,0,0,0,3,11,0
8908,1959,Graduation,Married,87195,0,0,08/05/2014,35,217,76,690,50,26,38,1,3,11,5,1,0,0,0,0,0,0,3,11,1
8373,1979,Basic,Together,24594,1,0,10/12/2013,94,1,3,6,10,0,9,1,1,0,3,5,0,0,0,0,0,0,3,11,0
7533,1964,Graduation,Married,49096,1,1,24/09/2013,15,144,1,32,2,1,7,4,4,1,4,7,0,0,0,0,0,0,3,11,0
2683,1969,Graduation,Married,52413,0,2,02/02/2013,56,295,106,271,75,98,65,4,6,4,12,6,0,0,0,0,0,0,3,11,0
3629,1978,Graduation,Single,38557,1,0,19/12/2012,17,76,3,31,4,4,27,2,3,1,3,7,0,0,0,0,0,0,3,11,0
10991,1960,Master,Married,89058,0,0,07/12/2012,18,454,194,106,31,22,43,1,5,4,4,2,0,0,0,0,0,0,3,11,0
5077,1979,Graduation,Together,77298,0,1,02/11/2013,46,425,115,292,23,35,79,1,6,6,11,3,0,0,0,0,0,0,3,11,0
7431,1991,PhD,Single,68126,0,0,10/11/2012,40,1332,17,311,23,51,86,1,7,4,5,9,0,1,0,0,0,0,3,11,1
3267,1963,Master,Together,57288,0,1,25/06/2014,27,527,0,21,0,0,60,3,8,1,8,6,0,1,0,0,0,0,3,11,0
999,1991,Graduation,Single,86037,0,0,02/01/2013,95,490,44,125,29,20,22,1,6,7,11,3,0,1,1,0,0,0,3,11,1
9215,1980,PhD,Married,43974,1,0,12/12/2012,19,378,0,101,0,0,72,5,6,4,6,7,0,0,0,0,0,0,3,11,0
2286,1962,Graduation,Single,50785,1,1,10/09/2013,27,64,1,21,0,1,27,2,2,1,3,6,0,0,0,0,0,0,3,11,0
1592,1970,Graduation,Married,90765,0,0,24/01/2014,25,547,99,812,151,82,33,0,4,6,5,1,0,0,1,1,0,0,3,11,0
367,1978,2n Cycle,Married,36550,1,0,19/02/2013,74,47,90,94,123,103,120,5,9,1,5,9,0,0,0,0,0,0,3,11,0
5234,1967,2n Cycle,Together,30753,1,1,11/07/2013,85,12,5,25,0,9,30,2,1,1,3,5,0,0,0,0,0,0,3,11,0
9862,1969,Graduation,Together,21918,1,0,14/11/2013,37,1,6,7,11,5,3,2,2,0,3,6,0,0,0,0,0,0,3,11,0
9805,1953,Master,Together,56129,0,1,20/06/2013,65,320,48,133,39,72,48,4,6,2,10,4,0,0,0,0,0,0,3,11,0
6205,1967,Master,Single,32557,1,0,24/02/2014,13,34,3,29,0,4,10,3,2,1,3,5,0,0,0,0,0,0,3,11,1
8442,1985,Master,Married,19510,2,0,04/09/2013,63,9,0,7,3,4,7,2,1,0,3,7,0,0,0,0,0,0,3,11,0
7386,1976,Graduation,Divorced,30992,1,0,22/04/2013,83,17,0,14,7,3,2,1,1,0,3,7,0,0,0,0,0,0,3,11,0
7215,1983,Graduation,Single,101970,0,0,12/03/2013,69,722,27,102,44,72,168,0,6,8,13,2,0,1,1,1,0,0,3,11,1
1491,1965,2n Cycle,Together,71488,0,0,18/02/2013,87,162,33,124,40,28,172,2,3,4,7,1,0,0,0,0,0,0,3,11,0
11071,1984,Graduation,Single,79607,0,0,21/04/2013,37,450,133,951,173,0,216,1,3,6,6,1,0,0,0,0,0,0,3,11,1
3381,1953,Master,Married,54348,1,1,08/06/2014,51,70,0,16,0,0,4,2,2,0,4,6,0,0,0,0,0,0,3,11,0
8268,1961,PhD,Married,,0,1,11/07/2013,23,352,0,27,10,0,15,3,6,1,7,6,0,0,0,0,0,0,3,11,0
11051,1956,PhD,Together,77376,1,1,10/05/2014,72,492,19,110,16,12,12,4,6,3,10,4,0,0,0,0,0,0,3,11,0
8026,1952,Graduation,Married,62998,0,1,30/09/2013,10,120,58,73,65,89,58,5,5,4,5,5,0,0,0,0,0,0,3,11,0
433,1958,Master,Alone,61331,1,1,10/03/2013,42,534,5,47,0,5,41,5,11,1,6,8,0,0,0,0,0,0,3,11,0
9597,1969,Graduation,Married,73448,0,0,10/02/2014,10,236,106,189,23,41,130,1,7,2,9,4,0,0,0,0,0,0,3,11,0
1295,1963,Graduation,Married,,0,1,11/08/2013,96,231,65,196,38,71,124,1,6,5,7,4,0,0,0,0,0,0,3,11,0
5290,1964,PhD,Married,41551,1,1,14/08/2013,51,220,0,33,3,0,23,5,5,1,5,8,0,0,0,0,0,0,3,11,0
1685,1967,PhD,Together,62981,0,0,17/03/2013,21,796,14,590,38,44,0,1,4,5,13,3,0,1,0,0,0,0,3,11,0
5342,1976,Basic,Divorced,9548,1,0,08/08/2012,31,0,1,3,10,6,9,2,1,0,3,8,0,0,0,0,0,0,3,11,0
9579,1959,PhD,Married,33762,2,1,07/07/2013,61,53,1,34,2,0,16,3,2,2,2,8,0,0,0,0,0,0,3,11,0
7660,1973,PhD,Alone,35860,1,1,19/05/2014,37,15,0,8,4,2,20,2,1,1,2,5,1,0,0,0,0,0,3,11,1
1461,1965,PhD,Divorced,36921,1,1,28/07/2013,74,17,1,12,3,1,4,2,2,0,3,7,0,0,0,0,0,0,3,11,0
821,1992,Master,Single,92859,0,0,19/10/2012,46,962,61,921,52,61,20,1,5,4,12,2,0,0,0,0,0,0,3,11,0
11084,1976,Master,Together,65104,0,1,14/11/2013,4,738,0,232,13,20,50,2,3,5,7,7,0,0,0,0,0,0,3,11,1
8690,1962,Graduation,Married,86111,0,0,19/04/2013,73,399,28,756,36,40,126,1,5,7,10,2,0,0,0,0,0,0,3,11,0
2937,1974,PhD,Single,68352,0,1,28/08/2013,47,614,16,132,43,33,33,3,8,5,9,6,0,0,0,0,0,0,3,11,0
9701,1988,Graduation,Together,41883,1,0,19/03/2013,13,32,34,41,73,16,116,3,4,2,3,7,0,0,0,0,0,0,3,11,0
9949,1976,Graduation,Married,59809,0,2,18/10/2012,36,598,16,141,32,41,49,3,3,3,6,8,0,0,0,0,0,0,3,11,0
10837,1975,Graduation,Married,23957,1,0,28/10/2012,47,2,1,18,20,11,16,1,2,0,3,6,0,0,0,0,0,0,3,11,1
3120,1981,Graduation,Together,38547,1,0,28/08/2013,49,6,1,10,0,1,4,1,1,0,2,8,0,0,0,0,0,1,3,11,0
5885,1973,2n Cycle,Married,35688,2,1,22/08/2012,94,73,3,90,12,1,32,7,4,1,4,8,0,0,0,0,0,0,3,11,0
4050,1966,Master,Married,49605,0,0,21/06/2014,65,42,16,29,12,20,8,1,2,1,4,3,0,0,0,0,0,0,3,11,0
3830,1953,Master,Married,59354,0,2,24/04/2014,59,295,21,78,39,13,13,1,4,4,7,3,0,0,0,0,0,0,3,11,0
7987,1969,Graduation,Married,65747,0,1,07/03/2014,96,346,17,48,23,13,13,4,8,1,6,6,0,1,0,0,0,0,3,11,0
7798,1972,2n Cycle,Together,46344,0,1,14/12/2012,28,233,20,57,8,20,91,4,7,1,5,7,0,0,0,0,0,0,3,11,0
92,1988,Graduation,Alone,34176,1,0,12/05/2014,12,5,7,24,19,14,20,4,3,0,4,6,0,0,0,0,0,0,3,11,0
7055,1952,PhD,Together,61010,0,1,09/10/2012,57,888,0,57,0,0,76,2,8,5,11,5,0,0,0,0,0,0,3,11,0
10240,1949,Graduation,Together,69372,0,0,19/02/2013,10,997,26,269,34,13,42,1,10,4,6,4,0,1,1,0,0,0,3,11,1
3025,1958,Graduation,Single,49967,0,1,08/07/2013,4,212,6,69,4,12,3,3,6,1,5,7,0,0,0,0,0,0,3,11,0
9283,1978,Graduation,Single,60199,1,2,12/09/2013,49,8,1,7,2,0,0,1,0,0,3,4,0,0,0,0,0,0,3,11,0
9970,1977,Graduation,Together,55375,0,1,17/10/2013,3,42,11,57,10,28,14,1,1,1,6,2,0,0,0,0,0,0,3,11,0
2730,1955,Graduation,Single,80317,0,0,20/08/2013,64,536,11,387,149,91,57,1,3,4,10,1,0,0,0,0,0,0,3,11,0
2795,1958,Master,Single,30523,2,1,01/07/2013,0,5,0,3,0,0,5,1,1,0,2,7,0,0,0,0,0,0,3,11,0
9260,1945,PhD,Married,70356,0,0,05/11/2012,20,1349,16,249,43,16,33,2,10,6,9,6,0,0,0,0,0,0,3,11,0
8182,1984,Graduation,Married,23228,1,0,05/01/2014,91,53,3,49,7,4,5,4,3,0,4,8,0,0,0,0,0,0,3,11,0
10095,1975,PhD,Divorced,74165,0,0,01/05/2013,9,1001,12,240,16,12,12,1,5,4,10,2,0,0,0,0,0,0,3,11,0
8475,1973,PhD,Married,157243,0,1,01/03/2014,98,20,2,1582,1,2,1,15,0,22,0,0,0,0,0,0,0,0,3,11,0
4370,1966,Graduation,Together,43482,2,1,13/11/2013,83,18,1,32,6,3,28,3,2,0,4,6,0,0,0,0,0,0,3,11,0
10573,1953,Graduation,Divorced,62551,0,0,18/11/2013,27,125,16,98,134,21,27,1,6,7,4,3,1,0,0,0,0,0,3,11,0
3712,1959,Graduation,Divorced,52332,0,0,28/08/2013,63,212,5,33,7,0,2,1,3,2,6,4,0,1,0,0,0,0,3,11,0
6637,1988,Graduation,Single,66951,0,0,02/11/2013,46,277,162,305,173,76,124,1,3,4,7,1,0,0,0,0,0,0,3,11,0
3152,1957,Graduation,Together,26091,1,1,25/02/2014,84,15,10,19,8,17,20,3,2,1,3,5,0,0,0,0,0,0,3,11,0
5610,1965,Graduation,Together,33456,1,1,21/04/2014,58,7,3,10,8,1,7,2,1,0,3,7,0,0,0,0,0,0,3,11,0
6460,1982,Graduation,Married,28718,1,0,13/07/2013,78,12,4,6,11,8,16,2,2,0,3,8,0,0,0,0,0,0,3,11,0
1349,1970,Graduation,Married,50447,2,0,21/04/2014,4,85,7,24,2,3,27,1,3,1,3,6,0,0,0,0,0,0,3,11,0
1880,1959,PhD,Together,53537,1,1,30/01/2014,17,81,0,6,0,0,6,2,2,1,3,5,0,0,0,0,0,0,3,11,0
641,1967,Graduation,Single,52074,0,1,04/04/2014,77,59,0,12,0,0,48,1,2,2,2,4,1,0,0,0,0,0,3,11,0
8717,1975,PhD,Married,80427,0,1,12/09/2012,56,1149,71,449,69,71,26,1,11,8,8,5,0,0,0,0,0,0,3,11,0
10314,1948,PhD,Married,83837,0,0,16/12/2012,79,847,66,119,86,89,111,1,9,10,5,4,0,1,0,1,0,0,3,11,1
10854,1970,PhD,Married,38853,1,1,23/05/2014,90,29,0,14,0,0,2,2,2,0,3,7,0,0,0,0,0,0,3,11,0
10492,1959,Graduation,Together,38285,2,1,24/06/2014,96,2,0,5,2,0,1,1,0,0,3,2,0,0,0,0,0,0,3,11,0
6935,1951,2n Cycle,Married,78497,0,0,01/12/2013,44,207,26,447,75,0,223,1,5,7,12,2,0,0,0,1,0,0,3,11,0
7698,1976,PhD,Married,51650,0,1,11/05/2014,81,152,3,22,2,5,7,1,4,1,4,5,0,0,0,0,0,0,3,11,0
3559,1988,2n Cycle,Married,16248,1,0,10/05/2014,77,12,11,10,3,12,9,3,2,1,3,6,0,0,0,0,0,0,3,11,0
10562,1946,Master,Married,66835,0,0,28/09/2013,21,620,26,195,34,17,141,1,6,4,13,2,0,0,0,0,0,0,3,11,0
10796,1984,Master,Married,30477,1,0,22/01/2014,16,47,1,6,0,0,12,1,1,1,3,6,0,0,0,0,0,0,3,11,0
2563,1961,Basic,Married,28249,0,0,15/06/2014,80,1,9,7,2,14,10,1,2,0,3,6,0,0,0,0,0,0,3,11,0
3518,1983,Graduation,Married,25271,1,0,05/12/2012,45,10,1,18,10,4,7,1,1,1,2,9,0,0,0,0,0,0,3,11,0
5823,1970,PhD,Single,32303,0,1,08/03/2014,63,35,0,2,0,0,2,2,1,0,4,5,0,0,0,0,0,0,3,11,0
3934,1966,Graduation,Married,61286,0,1,02/08/2013,34,356,0,107,19,9,117,2,7,1,8,5,0,0,0,0,0,0,3,11,0
6982,1976,Graduation,Married,74068,0,0,19/03/2013,14,783,30,537,140,76,15,1,4,10,9,2,0,0,0,0,0,0,3,11,0
6431,1964,PhD,Married,45759,1,1,23/02/2013,13,42,1,18,3,0,4,2,2,0,3,7,0,0,0,0,0,0,3,11,0
9733,1978,Basic,Together,24882,1,0,09/09/2012,52,1,4,10,29,0,36,1,1,1,2,6,1,0,0,0,0,0,3,11,0
5602,1989,PhD,Together,66973,0,0,17/05/2013,98,466,22,432,147,113,102,1,8,7,12,3,0,0,0,0,0,0,3,11,0
7829,1900,2n Cycle,Divorced,36640,1,0,26/09/2013,99,15,6,8,7,4,25,1,2,1,2,5,0,0,0,0,0,1,3,11,0
1324,1988,Graduation,Married,38872,1,0,30/05/2013,93,23,3,21,3,19,22,2,3,0,3,8,0,0,0,0,0,0,3,11,0
326,1973,Graduation,Married,51148,1,1,18/02/2013,38,235,6,45,8,9,12,4,5,1,6,6,0,0,0,0,0,0,3,11,0
7224,1977,Graduation,Married,31353,1,1,29/12/2013,24,10,0,10,3,1,7,2,1,1,2,8,0,0,0,0,0,0,3,11,0
6999,1980,Master,Married,69661,0,0,13/05/2014,80,656,16,106,32,16,8,1,7,3,12,3,0,0,0,0,0,0,3,11,0
9938,1954,Graduation,Married,80067,0,0,19/09/2013,82,519,17,813,27,173,51,1,4,6,6,2,0,0,1,0,0,0,3,11,0
6422,1954,Graduation,Married,86718,0,0,17/01/2013,20,344,189,482,50,33,172,1,5,6,5,2,0,0,0,0,0,0,3,11,0
3182,1973,PhD,Single,46854,1,1,31/03/2014,81,96,1,79,7,1,79,6,5,1,3,8,1,0,0,0,0,0,3,11,1
7300,1952,Graduation,Divorced,69142,0,1,29/06/2014,50,448,4,34,6,4,39,3,8,1,7,5,0,1,0,0,0,0,3,11,0
10424,1968,Graduation,Single,75922,0,0,09/12/2013,60,265,138,553,224,23,92,1,4,4,9,1,0,0,0,0,0,0,3,11,0
8727,1978,Graduation,Divorced,63693,0,1,14/10/2013,63,587,43,337,42,87,54,3,11,6,9,6,0,0,0,0,0,0,3,11,0
2798,1977,PhD,Together,102160,0,0,02/11/2012,54,763,29,138,76,176,58,0,7,9,10,4,0,1,1,1,0,0,3,11,1
1030,1965,PhD,Single,40637,1,1,17/07/2013,72,22,0,13,0,0,3,2,1,0,3,7,0,0,0,0,0,0,3,11,0
624,1984,Master,Single,18890,0,0,10/11/2012,5,6,4,1,7,2,15,1,0,1,2,6,1,0,0,0,0,0,3,11,1
5176,1988,Graduation,Together,29604,1,0,08/12/2013,88,7,6,13,7,6,14,1,1,0,3,9,1,0,0,0,0,0,3,11,0
5552,1963,Master,Divorced,48721,1,1,13/05/2013,50,81,18,113,47,13,21,6,4,2,5,6,0,0,0,0,0,0,3,11,0
868,1966,Graduation,Married,44794,0,1,08/06/2014,99,54,0,7,0,0,4,1,2,0,3,6,0,0,0,0,0,0,3,11,0
380,1954,Graduation,Divorced,64497,0,1,10/09/2012,17,1170,48,320,42,32,192,5,11,4,9,8,1,0,0,0,0,0,3,11,1
2677,1956,Graduation,Together,46097,0,1,31/03/2013,11,72,24,68,65,4,8,5,3,1,6,4,0,0,0,0,0,0,3,11,0
6521,1954,Graduation,Together,77972,0,0,18/03/2014,18,613,22,319,33,102,12,1,4,6,9,1,0,0,0,0,0,0,3,11,0
6927,1968,PhD,Married,44377,1,1,05/10/2012,70,224,0,30,0,0,10,8,5,1,5,8,0,0,0,0,0,0,3,11,0
2877,1974,Master,Together,46014,1,1,21/01/2013,21,410,0,59,19,9,44,10,7,1,8,7,0,0,0,0,0,0,3,11,0
0,1985,Graduation,Married,70951,0,0,04/05/2013,66,239,10,554,254,87,54,1,3,4,9,1,0,0,0,0,0,0,3,11,0
1584,1977,Graduation,Married,41443,1,0,01/04/2014,79,171,7,171,25,19,89,6,8,1,5,8,0,0,0,0,0,0,3,11,0
7264,1978,2n Cycle,Single,52195,2,1,12/05/2014,2,12,0,4,0,0,1,1,1,0,2,8,0,0,0,0,0,0,3,11,0
6274,1948,Master,Married,83790,0,0,15/11/2013,81,1076,16,417,42,48,16,1,8,10,6,3,0,1,1,0,0,0,3,11,0
1377,1954,Master,Widow,44551,0,1,31/08/2013,24,182,4,33,0,0,66,2,4,1,5,7,0,0,0,0,0,0,3,11,0
454,1980,Graduation,Together,69508,1,0,14/11/2012,48,824,32,162,42,32,43,2,11,4,11,6,0,0,0,0,0,0,3,11,0
1755,1988,2n Cycle,Together,45204,1,0,11/04/2014,93,30,11,25,29,1,18,1,1,1,4,3,0,0,0,0,0,0,3,11,0
2075,1969,Graduation,Married,72460,0,0,14/11/2013,56,377,10,540,80,30,10,1,3,5,7,1,0,0,0,0,0,0,3,11,0
4785,1970,PhD,Together,77622,0,2,14/04/2014,3,520,7,154,19,0,14,2,6,3,11,3,0,0,0,0,0,0,3,11,0
9076,1980,PhD,Married,30732,1,0,05/01/2013,44,155,1,25,0,1,3,4,4,1,4,8,0,0,0,0,0,0,3,11,0
7079,1962,Graduation,Divorced,63887,0,1,08/09/2012,38,897,23,207,15,11,92,5,9,6,12,6,0,0,0,0,0,0,3,11,0
4653,1978,Graduation,Together,42011,1,0,26/03/2013,46,131,0,16,2,1,39,4,3,1,4,8,0,0,0,0,0,0,3,11,0
7375,1976,Graduation,Together,51369,0,1,25/10/2012,84,297,7,79,0,11,182,2,8,2,4,8,0,0,0,0,0,0,3,11,0
709,1952,Graduation,Divorced,51537,0,1,09/12/2012,27,787,20,204,0,0,92,3,2,2,11,8,0,0,0,0,0,0,3,11,0
460,1972,PhD,Married,79930,0,0,08/08/2012,72,792,86,740,67,51,17,1,3,5,8,2,0,0,0,0,0,0,3,11,0
3726,1986,PhD,Together,34320,1,0,16/02/2014,66,4,1,9,3,0,0,1,1,0,2,8,0,0,0,0,0,0,3,11,0
6798,1966,Graduation,Single,37070,1,1,20/03/2013,30,231,7,137,4,15,39,9,5,1,8,7,0,0,0,0,0,0,3,11,1
5341,1962,2n Cycle,Divorced,81975,0,1,05/01/2013,2,983,76,184,180,138,27,1,6,3,4,7,0,0,1,0,0,0,3,11,0
1606,1971,Graduation,Together,38590,1,0,15/05/2013,65,3,1,8,4,3,3,1,1,0,2,8,0,0,0,0,0,0,3,11,0
9617,1951,Graduation,Single,15033,0,0,16/04/2014,37,0,4,5,6,0,4,1,1,0,3,3,0,0,0,0,0,0,3,11,0
3233,1965,PhD,Married,62745,0,1,23/03/2013,89,562,21,464,28,10,32,3,7,8,11,5,0,0,0,0,0,0,3,11,0
89,1975,2n Cycle,Married,22212,1,0,09/12/2013,49,5,9,20,6,8,21,2,2,0,4,6,0,0,0,0,0,0,3,11,0
2936,1982,Master,Together,23661,1,0,04/12/2013,46,18,0,4,0,0,1,1,1,0,3,7,0,0,0,0,0,0,3,11,0
9449,1958,PhD,Single,79761,0,1,04/10/2013,32,415,5,124,15,35,11,1,5,2,11,3,0,0,0,0,0,0,3,11,0
7297,1973,Graduation,Single,7500,1,0,26/12/2013,54,5,3,10,12,7,20,4,3,1,3,7,0,0,0,0,0,0,3,11,0
11004,1893,2n Cycle,Single,60182,0,1,17/05/2014,23,8,0,5,7,0,2,1,1,0,2,4,0,0,0,0,0,0,3,11,0
313,1968,Graduation,Widow,73455,0,0,28/10/2013,98,901,61,757,186,163,20,1,6,5,10,3,0,1,0,0,0,0,3,11,0
9940,1958,Graduation,Together,64961,0,1,23/12/2012,97,382,114,276,75,124,38,2,6,4,4,3,0,0,0,0,0,0,3,11,0
10735,1971,Graduation,Single,22804,1,0,31/07/2013,75,14,1,7,2,1,1,1,2,0,2,9,0,0,0,0,0,0,3,11,0
9529,1990,Graduation,Married,73687,0,0,28/11/2013,8,559,153,503,218,13,181,1,3,9,9,2,0,0,0,1,0,0,3,11,1
6439,1958,Graduation,Married,61074,0,1,17/08/2012,37,789,0,133,0,28,152,7,11,5,8,7,0,0,0,0,0,0,3,11,0
7411,1964,PhD,Married,31686,1,1,05/06/2014,31,11,0,5,0,0,1,2,1,0,3,6,0,0,0,0,0,0,3,11,0
2176,1972,Graduation,Married,80134,1,0,20/05/2013,40,1218,16,272,104,0,80,2,5,3,6,6,0,1,1,1,0,0,3,11,1
9265,1953,Graduation,Married,75027,0,1,09/01/2013,74,925,64,179,133,12,77,2,9,4,6,5,0,0,0,0,0,0,3,11,0
8867,1988,PhD,Married,67546,0,0,31/08/2012,90,864,134,768,150,38,172,1,4,10,5,3,0,0,0,0,0,0,3,11,0
8932,1969,Master,Together,65176,0,1,29/10/2012,57,960,28,183,220,70,70,4,9,6,6,6,0,0,0,0,0,0,3,11,0
10236,1975,Master,Single,31160,1,0,16/09/2013,59,16,3,25,6,1,13,2,2,0,3,8,0,0,0,0,0,0,3,11,0
6340,1985,Graduation,Single,29938,1,0,27/10/2013,52,3,3,7,0,2,11,2,1,0,3,6,0,0,0,0,0,0,3,11,0
10089,1974,Graduation,Divorced,102692,0,0,05/04/2013,5,168,148,444,32,172,148,1,6,9,13,2,0,1,1,1,1,0,3,11,1
2227,1958,2n Cycle,Together,26490,0,0,22/09/2012,92,45,47,52,21,20,25,2,3,1,5,6,0,0,0,0,0,0,3,11,0
10992,1967,Graduation,Together,75702,1,1,29/08/2012,77,650,28,353,45,42,30,5,4,6,11,8,0,0,0,0,0,0,3,11,0
5304,1974,PhD,Single,30899,1,0,13/10/2012,35,24,0,8,0,0,1,2,1,0,3,6,0,0,0,0,0,0,3,11,0
309,1961,PhD,Together,63342,0,1,16/10/2012,48,918,21,118,13,10,21,3,8,3,5,6,0,1,0,0,0,0,3,11,0
3406,1964,Graduation,Single,45989,0,1,22/10/2012,97,138,33,87,28,24,12,4,3,2,7,3,0,0,0,0,0,0,3,11,0
2661,1964,Graduation,Single,18701,1,1,04/06/2013,95,12,4,2,10,6,10,4,2,0,4,5,0,0,0,0,0,0,3,11,0
3153,1957,PhD,Single,40737,2,1,08/12/2013,24,11,0,4,0,0,2,1,1,0,2,8,0,0,0,0,0,0,3,11,0
10264,1979,Graduation,Divorced,15287,1,0,10/10/2012,60,1,2,8,4,3,13,2,1,1,2,7,1,0,0,0,0,0,3,11,1
1184,1968,PhD,Divorced,69674,0,2,22/05/2013,46,554,41,215,11,0,24,3,10,2,10,5,0,0,0,0,0,0,3,11,0
4200,1970,Master,Married,44159,1,0,17/06/2014,85,167,2,62,24,13,7,4,4,1,6,5,0,0,0,0,0,0,3,11,0
9396,1978,PhD,Married,37717,1,0,23/11/2012,31,9,0,6,4,1,5,1,1,0,2,9,0,0,0,0,0,0,3,11,0
2387,1952,Master,Together,43776,1,1,03/02/2013,9,177,2,71,3,2,20,6,5,2,4,8,0,0,0,0,0,0,3,11,1
6690,1966,Master,Married,38179,1,1,14/03/2013,30,38,4,22,4,2,20,4,3,1,3,7,0,0,0,0,0,0,3,11,0
1225,1963,Graduation,Married,80124,0,0,26/06/2014,47,483,84,398,205,84,241,1,3,7,8,1,1,0,0,0,0,0,3,11,0
9703,1970,PhD,Married,38097,1,1,15/10/2012,70,77,2,35,0,1,69,4,3,2,2,7,1,0,0,0,0,0,3,11,1
291,1970,Graduation,Married,72940,0,0,19/06/2013,13,182,74,298,162,149,116,1,3,3,6,1,0,0,0,0,0,0,3,11,0
4557,1970,Graduation,Together,22070,1,0,04/10/2013,11,10,7,19,8,2,21,2,2,2,2,6,0,0,0,0,0,0,3,11,0
2379,1953,Graduation,Single,69267,0,0,22/09/2012,31,778,44,499,95,73,146,2,3,4,5,7,0,0,0,0,0,0,3,11,1
5726,1983,Master,Single,31788,1,0,20/03/2014,15,16,7,23,0,8,6,3,3,0,4,5,0,0,0,0,0,1,3,11,0
3066,1975,PhD,Together,61905,0,1,04/02/2014,2,167,0,43,6,2,13,2,4,2,4,5,0,0,0,0,0,0,3,11,0
6336,1960,Graduation,Married,29315,1,1,06/04/2014,55,13,2,14,8,7,4,4,2,0,4,6,0,0,0,0,0,0,3,11,0
10967,1963,Graduation,Divorced,33378,1,1,06/02/2013,38,33,6,40,3,7,10,3,2,0,4,7,0,0,0,0,0,0,3,11,0
2304,1963,PhD,Together,66313,0,1,16/09/2013,86,625,7,99,10,22,7,2,6,3,12,4,0,0,0,0,0,0,3,11,0
3445,1956,Graduation,Single,60714,0,0,17/01/2013,56,216,162,224,101,92,162,2,7,4,10,5,0,0,0,0,0,0,3,11,1
7828,1981,Master,Together,77882,0,0,30/04/2014,29,68,129,396,188,22,15,1,3,3,5,1,0,0,0,0,0,0,3,11,0
3762,1986,PhD,Single,69867,0,0,02/04/2013,30,196,0,512,33,130,54,1,3,5,8,1,0,0,0,1,0,0,3,11,1
4391,1968,Master,Divorced,63841,0,1,21/04/2013,64,635,15,100,20,7,131,1,9,3,9,6,0,0,0,0,0,0,3,11,0
4669,1981,Basic,Married,24480,1,0,11/02/2013,46,4,19,9,28,25,17,3,3,0,4,7,0,0,0,0,0,0,3,11,0
10144,1976,Graduation,Together,51369,0,1,25/10/2012,84,297,7,79,0,11,182,2,8,2,4,8,0,0,0,0,0,0,3,11,0
8652,1946,Graduation,Together,37760,0,0,31/08/2012,20,84,5,38,150,12,28,2,4,1,6,7,0,0,0,0,0,0,3,11,0
1672,1974,PhD,Together,65640,0,1,01/03/2014,74,204,7,149,20,15,66,1,5,1,8,2,0,0,0,0,0,0,3,11,0
8962,1975,Master,Married,44319,1,1,17/04/2014,18,26,0,8,0,0,3,2,2,0,3,5,0,0,0,0,0,0,3,11,0
9974,1974,Graduation,Married,30631,1,0,12/07/2013,75,15,6,20,4,5,20,1,3,1,2,7,0,0,0,0,0,0,3,11,0
10983,1952,Graduation,Together,75278,0,0,29/01/2013,17,304,98,230,150,74,74,1,6,3,13,3,0,0,0,0,0,0,3,11,0
8148,1956,Master,Together,50898,1,1,08/01/2013,88,285,28,242,55,114,135,13,6,2,12,5,0,0,0,0,0,0,3,11,0
10102,1966,Graduation,Widow,79946,0,0,12/05/2014,19,395,183,565,166,141,28,1,5,11,5,3,0,0,0,0,0,0,3,11,0
4697,1949,Master,Divorced,35416,0,0,13/06/2013,62,248,3,81,4,3,51,3,7,1,5,8,0,0,0,0,0,0,3,11,0
9262,1984,2n Cycle,Together,32414,0,0,04/07/2013,11,20,6,5,0,9,12,1,1,0,3,7,1,0,0,0,0,0,3,11,0
7254,1969,Graduation,Together,38361,1,0,27/12/2013,74,39,0,56,20,8,14,3,3,1,3,7,0,0,0,0,0,0,3,11,0
4543,1980,Graduation,Married,82497,0,0,31/10/2012,32,777,129,573,216,21,203,1,2,7,9,4,0,0,1,0,0,0,3,11,0
4927,1971,Graduation,Together,16626,2,0,15/01/2014,76,8,3,22,21,1,13,3,3,0,3,9,0,0,0,0,0,0,3,11,0
10451,1965,Graduation,Together,29672,1,1,12/03/2013,6,9,1,3,0,4,8,1,0,0,3,6,0,0,0,0,0,0,3,11,0
2926,1952,Master,Together,55951,0,1,23/08/2012,62,1241,0,80,0,13,40,3,3,6,11,8,0,1,0,0,1,0,3,11,0
2874,1988,2n Cycle,Divorced,35388,1,0,07/03/2013,20,6,4,7,4,3,8,1,1,0,3,7,0,0,0,0,0,0,3,11,0
9738,1986,Master,Together,42386,1,0,13/01/2013,43,65,4,16,0,4,11,1,3,0,3,8,0,0,0,0,0,0,3,11,0
7119,1982,Graduation,Single,68627,0,0,12/01/2013,45,395,15,263,60,54,38,1,2,3,6,1,0,0,0,0,0,0,3,11,0
3924,1965,PhD,Divorced,57912,0,1,17/03/2014,34,801,0,80,0,0,35,5,8,3,12,5,0,1,0,0,0,0,3,11,0
5827,1958,Graduation,Divorced,35246,1,1,16/04/2014,53,36,0,12,2,2,10,4,3,1,3,5,0,0,0,0,0,0,3,11,0
5596,1956,2n Cycle,Together,58821,0,1,12/10/2013,44,513,14,154,19,0,28,1,9,2,9,6,0,0,0,0,0,0,3,11,0
10812,1978,PhD,Married,46377,1,0,01/03/2014,89,37,0,46,4,3,0,1,2,1,3,4,0,0,0,0,0,0,3,11,0
1717,1988,Graduation,Single,39747,1,0,13/04/2014,43,80,15,93,20,13,52,3,5,1,4,8,0,0,0,0,0,0,3,11,0
9491,1984,Graduation,Together,23976,1,0,27/12/2013,68,14,1,21,2,3,25,3,3,1,3,7,0,0,0,0,0,0,3,11,0
9274,1961,Master,Married,80950,0,0,28/03/2013,44,525,147,112,219,147,63,1,6,7,9,2,0,0,0,1,0,0,3,11,0
6609,1966,Graduation,Widow,27038,0,0,18/09/2012,64,1,26,25,17,23,15,1,3,0,3,9,0,0,0,0,0,0,3,11,1
6963,1947,Graduation,Single,77457,0,0,05/03/2014,85,675,11,400,15,45,11,1,2,5,10,1,0,0,1,0,0,0,3,11,0
4440,1964,Master,Married,64100,0,1,10/09/2013,93,509,0,27,0,0,10,1,8,3,6,7,0,1,0,0,0,0,3,11,0
1379,1992,Master,Together,42670,0,0,27/04/2013,12,154,2,46,20,4,15,1,4,2,4,4,0,0,0,0,0,0,3,11,0
10032,1976,Graduation,Divorced,12571,1,0,18/01/2014,86,3,5,14,2,12,17,4,3,1,3,6,0,0,0,0,0,0,3,11,0
2826,1967,Graduation,Married,22574,2,1,28/10/2013,28,25,0,8,2,0,2,2,2,0,3,7,0,0,0,0,0,0,3,11,0
2437,1989,Graduation,Married,,0,0,03/06/2013,69,861,138,461,60,30,61,1,6,5,12,3,0,1,0,1,0,0,3,11,0
6320,1976,Master,Single,70893,0,0,06/02/2013,42,768,44,561,77,44,14,1,6,6,10,3,0,0,0,0,0,0,3,11,0
3050,1966,Graduation,Married,54198,1,1,17/12/2013,13,185,0,28,3,2,17,6,3,1,6,4,0,0,0,0,0,0,3,11,0
231,1956,Master,Together,28839,1,1,11/03/2014,86,24,0,7,0,0,1,2,2,0,3,5,0,0,0,0,0,0,3,11,0
2392,1972,Graduation,Married,40321,1,1,29/07/2013,59,44,4,21,6,0,27,2,3,0,3,7,0,0,0,0,0,0,3,11,0
9478,1985,Graduation,Single,66503,1,0,14/08/2012,30,91,64,128,65,3,50,2,4,3,6,3,0,0,0,0,0,0,3,11,0
113,1951,Graduation,Married,30833,1,1,16/07/2013,33,11,0,7,3,1,6,2,1,0,3,5,0,0,0,0,0,0,3,11,0
2863,1970,Graduation,Single,,1,2,23/08/2013,67,738,20,172,52,50,20,6,2,3,10,7,0,1,0,1,0,0,3,11,0
1802,1971,Graduation,Married,64795,0,1,17/01/2013,23,412,5,119,38,29,77,3,3,3,12,2,0,0,0,0,0,0,3,11,0
520,1974,Graduation,Married,34421,1,0,01/07/2013,81,3,3,7,6,2,9,1,1,0,2,7,0,0,0,0,0,0,3,11,0
8275,1965,PhD,Divorced,47025,1,1,09/02/2014,6,16,0,3,0,0,1,1,1,0,2,7,0,0,0,0,0,0,3,11,0
9750,1961,PhD,Divorced,64325,0,1,07/02/2013,41,731,60,353,78,12,73,5,10,3,5,7,0,0,0,0,0,0,3,11,0
2607,1953,Graduation,Single,40464,0,1,11/01/2013,78,424,17,118,7,23,41,6,8,2,8,8,0,0,0,0,0,0,3,11,0
7214,1957,Graduation,Married,62187,0,0,05/07/2013,49,792,0,275,45,45,126,1,4,8,5,3,0,0,0,0,0,0,3,11,0
5835,1976,PhD,Divorced,14849,1,0,02/07/2013,39,21,2,28,3,2,9,3,2,0,4,8,0,0,0,0,0,0,3,11,0
3896,1984,Graduation,Married,27255,1,0,07/11/2013,3,22,1,11,0,1,2,1,1,0,3,7,0,0,0,0,0,0,3,11,0
10350,1950,PhD,Married,54432,2,1,09/05/2013,37,33,0,5,0,0,0,1,1,0,3,4,0,0,0,0,0,0,3,11,0
7786,1986,PhD,Single,29999,1,0,13/02/2013,22,68,7,59,10,5,11,4,3,1,4,8,0,0,0,0,0,0,3,11,0
2861,1983,Graduation,Single,24072,1,0,16/04/2013,79,9,1,6,3,0,4,1,1,0,2,8,0,0,0,0,0,0,3,11,0
663,1989,PhD,Single,33996,0,0,11/09/2013,46,40,2,15,8,0,6,1,1,1,3,4,0,0,0,0,0,0,3,11,0
10675,1956,PhD,Married,66334,0,1,03/04/2013,82,909,11,218,0,0,23,2,9,3,5,5,0,0,0,0,0,0,3,11,1
2521,1971,Master,Married,35178,1,0,10/01/2013,10,23,1,13,2,2,18,1,1,1,2,7,1,0,0,0,0,0,3,11,1
9592,1983,Graduation,Together,22010,1,0,30/06/2013,51,11,2,9,3,0,8,2,2,0,3,8,0,0,0,0,0,0,3,11,0
10151,1960,Graduation,Divorced,62204,0,2,12/09/2012,38,317,46,247,151,46,139,1,4,5,12,3,0,0,0,0,0,0,3,11,0
7381,1968,Graduation,Divorced,75693,0,0,06/12/2012,10,797,153,293,72,97,30,1,11,4,6,4,0,1,1,1,0,0,3,11,1
4099,1972,Graduation,Married,30675,1,0,12/11/2012,14,10,2,16,11,2,21,1,1,0,3,8,0,0,0,0,0,0,3,11,0
9560,1965,Graduation,Together,83003,0,0,03/03/2013,18,856,61,570,40,25,122,1,7,6,8,3,0,0,1,0,0,0,3,11,1
1150,1899,PhD,Together,83532,0,0,26/09/2013,36,755,144,562,104,64,224,1,4,6,4,1,0,0,1,0,0,0,3,11,0
10172,1988,Graduation,Single,68655,0,0,10/08/2012,95,456,19,832,75,118,38,1,4,5,11,3,0,0,0,0,0,0,3,11,0
11191,1986,Graduation,Divorced,41411,0,0,07/12/2013,11,37,32,38,11,3,18,1,2,1,4,6,0,0,0,0,0,0,3,11,0
9707,1969,PhD,Married,55212,0,1,23/11/2012,65,1103,0,45,0,0,34,3,4,2,11,8,0,1,0,0,1,0,3,11,0
6245,1950,PhD,Together,59292,0,1,13/06/2013,71,378,14,68,19,14,14,2,3,5,8,3,0,0,0,0,0,0,3,11,0
8234,1973,Basic,Together,27190,1,0,15/08/2013,13,1,6,7,0,1,3,1,1,0,2,8,1,0,0,0,0,0,3,11,1
1411,1952,Graduation,Divorced,82623,0,0,10/11/2013,58,204,34,204,172,153,173,1,2,9,4,1,0,0,0,0,0,0,3,11,0
8553,1965,Graduation,Married,44300,1,1,23/06/2013,65,30,0,9,0,0,3,2,1,0,3,6,0,0,0,0,0,0,3,11,0
1826,1970,Graduation,Divorced,84835,0,0,16/06/2014,0,189,104,379,111,189,218,1,4,4,6,1,0,0,0,0,0,0,3,11,1
8842,1971,Graduation,Widow,30372,1,1,25/12/2012,33,15,0,12,7,3,7,3,2,0,3,7,0,0,0,0,0,0,3,11,0
11030,1976,Master,Married,33181,1,0,03/01/2014,90,9,0,3,0,0,4,1,1,0,2,6,1,0,0,0,0,0,3,11,0
2579,1957,Graduation,Married,71113,0,1,17/12/2013,95,495,33,255,11,33,8,4,6,7,9,4,0,0,0,0,0,0,3,11,0
175,1986,Graduation,Married,71952,1,0,10/01/2013,93,656,80,455,52,107,93,2,8,4,8,4,1,0,1,0,0,0,3,11,0
9185,1966,PhD,Single,69759,0,0,28/10/2013,38,452,20,514,13,30,0,3,4,6,5,3,0,0,0,0,0,0,3,11,1
11056,1974,Graduation,Married,72099,0,0,27/10/2012,18,546,91,410,119,0,22,1,3,4,10,1,0,0,0,0,0,0,3,11,0
9365,1976,PhD,Single,60000,0,1,22/12/2012,57,1048,0,217,0,0,12,5,11,3,5,6,0,0,0,0,0,0,3,11,0
6201,1978,Graduation,Single,38643,1,1,29/11/2013,45,22,2,14,0,1,10,2,2,0,3,7,0,0,0,0,0,1,3,11,0
2061,1955,Graduation,Married,50737,0,1,11/05/2013,61,78,0,11,0,0,10,1,2,0,4,6,0,1,0,0,0,0,3,11,0
6184,1969,PhD,Married,68462,0,0,12/12/2012,6,561,64,785,84,128,48,1,3,3,8,1,0,0,0,0,0,0,3,11,0
6142,1943,Master,Married,65073,0,0,20/08/2013,65,629,17,177,69,0,8,1,5,3,5,2,0,0,0,0,0,1,3,11,0
4107,1948,PhD,Together,46681,0,2,08/10/2013,52,269,15,69,15,19,38,2,4,6,4,5,0,0,0,0,0,0,3,11,0
7274,1957,Graduation,Married,78618,0,0,28/09/2012,87,736,163,818,212,163,61,1,4,7,10,2,0,1,0,0,0,0,3,11,0
9336,1969,PhD,Widow,62187,0,1,22/03/2014,38,512,0,83,0,0,41,3,6,2,10,4,0,0,0,0,0,0,3,11,0
2958,1978,Graduation,Married,28442,2,0,24/02/2014,53,19,3,10,11,8,6,3,2,1,4,4,0,0,0,0,0,0,3,11,0
933,1978,PhD,Married,37717,1,0,23/11/2012,31,9,0,6,4,1,5,1,1,0,2,9,0,0,0,0,0,0,3,11,0
5837,1967,Graduation,Married,51479,1,1,28/12/2012,67,247,8,160,6,8,65,7,6,3,6,7,0,0,0,0,0,0,3,11,0
10704,1969,Graduation,Single,54803,0,1,21/08/2012,65,404,0,92,28,27,142,2,6,2,9,4,0,0,0,0,0,0,3,11,0
5125,1960,Graduation,Married,79530,0,0,17/05/2013,64,333,0,815,129,42,29,1,4,10,11,2,0,0,0,0,0,0,3,11,0
4432,1976,Graduation,Divorced,31615,1,0,16/03/2013,82,2,3,20,6,11,9,2,2,0,3,7,0,0,0,0,0,0,3,11,0
5955,1962,Graduation,Together,72025,0,0,17/11/2012,27,833,33,549,151,133,233,1,4,3,8,3,0,0,0,0,0,0,3,11,0
2928,1975,PhD,Single,52614,0,1,01/12/2012,63,789,0,142,12,9,38,2,2,4,8,8,0,0,0,0,0,0,3,11,0
5680,1984,2n Cycle,Married,35684,1,0,22/04/2014,66,10,4,7,0,6,3,1,1,0,3,6,0,0,0,0,0,0,3,11,0
10313,1975,Graduation,Married,48178,1,1,28/10/2012,69,159,4,45,6,2,38,6,5,1,4,8,0,0,0,0,0,0,3,11,0
2557,1970,Master,Single,29548,1,0,29/08/2013,52,7,1,6,3,1,11,1,1,1,2,4,1,0,0,0,0,0,3,11,0
1245,1966,Graduation,Single,63810,0,1,11/11/2012,45,977,12,253,16,12,101,4,4,3,12,8,0,1,0,0,0,0,3,11,0
1519,1972,PhD,Single,38578,1,1,22/06/2013,2,38,4,22,3,3,3,3,3,0,3,8,0,0,0,0,0,0,3,11,1
10703,1975,Master,Single,46098,1,1,18/08/2012,86,57,0,27,0,0,36,4,3,2,2,8,0,0,0,0,0,0,3,11,0
1726,1970,Graduation,Single,22585,0,0,18/03/2013,23,3,9,15,13,2,39,1,1,1,2,9,1,0,0,0,0,0,3,11,1
4459,1989,Graduation,Single,30279,1,0,30/12/2012,13,10,4,14,4,4,1,1,1,0,3,8,0,0,0,0,0,0,3,11,0
1729,1961,PhD,Together,66426,0,1,02/10/2013,14,1043,24,97,32,24,157,2,3,5,10,6,0,0,0,0,0,0,3,11,0
1517,1969,Graduation,Single,30822,1,0,14/06/2013,92,3,9,13,2,12,12,1,1,0,3,7,0,0,0,0,0,0,3,11,0
2098,1969,PhD,Married,33581,2,0,08/01/2013,38,11,0,5,0,0,1,1,1,0,2,8,0,0,0,0,0,0,3,11,0
9543,1985,Graduation,Married,19986,1,0,14/11/2013,74,3,6,5,0,2,6,1,0,0,3,7,0,0,0,0,0,0,3,11,0
6878,1954,Graduation,Widow,27421,0,0,12/12/2012,14,43,12,96,78,40,55,3,4,1,6,7,0,0,0,0,0,0,3,11,0
3310,1973,2n Cycle,Married,35688,2,1,22/08/2012,94,73,3,90,12,1,32,7,4,1,4,8,0,0,0,0,0,0,3,11,0
2724,1981,Master,Single,36143,1,0,30/03/2014,33,12,0,1,0,0,6,1,0,1,2,3,0,0,0,0,0,0,3,11,0
948,1971,Graduation,Single,10245,1,0,15/05/2013,32,4,7,7,6,4,13,3,1,2,2,5,0,0,0,0,0,0,3,11,0
6720,1968,Master,Together,43795,0,1,16/10/2013,11,314,11,53,4,3,107,3,7,3,4,7,0,1,0,0,0,0,3,11,1
6202,1960,Graduation,Together,63381,0,1,05/10/2012,78,571,50,142,33,50,159,4,4,5,13,2,0,0,0,0,0,0,3,11,0
2066,1949,Graduation,Together,38823,0,1,30/08/2012,56,70,0,11,2,8,23,1,2,1,3,6,0,0,0,0,0,0,3,11,0
9799,1968,PhD,Divorced,83664,1,1,08/05/2013,57,866,21,151,28,21,86,3,2,2,12,5,0,0,0,0,0,0,3,11,0
8318,1979,Graduation,Together,90300,0,0,03/01/2014,7,594,134,786,33,134,57,0,5,6,8,1,0,0,1,0,0,0,3,11,0
5642,1979,Master,Together,62499,1,0,09/12/2013,0,140,4,61,0,13,4,2,3,1,6,4,0,0,0,0,0,0,3,11,0
2669,1993,Graduation,Single,74293,0,0,04/05/2014,66,375,152,335,93,91,81,1,5,4,6,2,0,0,0,0,0,0,3,11,0
455,1946,PhD,Married,51012,0,0,18/04/2013,86,102,9,63,2,9,24,1,4,1,4,6,0,0,0,0,0,0,3,11,0
7683,1968,Master,Married,70777,0,1,25/02/2014,80,554,35,113,0,7,78,3,5,3,12,3,0,0,0,0,0,0,3,11,0
3428,1991,PhD,Together,68682,0,0,06/10/2013,56,919,0,505,99,30,45,1,4,9,10,2,0,0,0,0,0,0,3,11,0
7414,1971,Graduation,Married,43824,1,1,15/09/2012,18,96,1,42,12,3,32,4,3,1,4,8,0,0,0,0,0,0,3,11,0
6354,1984,Graduation,Together,15345,1,0,31/08/2012,51,5,2,16,3,2,19,2,1,1,2,8,0,0,0,0,0,0,3,11,1
798,1987,Graduation,Single,23442,1,0,24/12/2012,71,2,0,6,8,6,5,1,1,0,3,7,0,0,0,0,0,0,3,11,0
8213,1980,2n Cycle,Together,14515,1,0,09/11/2012,71,6,4,9,6,36,35,4,2,2,3,7,0,0,0,0,0,0,3,11,1
2488,1956,2n Cycle,Divorced,31395,1,1,23/03/2013,80,23,1,25,0,8,7,4,2,1,3,6,0,0,0,0,0,0,3,11,0
9999,1965,Graduation,Together,75276,0,0,27/09/2012,2,610,105,125,137,42,21,1,9,4,9,5,0,0,0,0,0,0,3,11,0
7617,1974,Graduation,Single,42373,1,1,15/08/2013,83,67,5,61,3,8,19,5,2,1,5,5,0,0,0,0,0,0,3,11,0
615,1960,Graduation,Together,30507,0,0,11/03/2013,29,65,36,74,38,20,110,1,5,1,4,7,0,0,0,0,0,0,3,11,0
2552,1955,PhD,Single,55521,1,2,22/10/2013,11,416,0,26,0,0,4,9,6,3,6,7,0,1,0,0,0,0,3,11,1
194,1965,Graduation,Married,48006,1,1,09/06/2014,55,23,0,11,3,2,2,1,1,0,3,6,0,0,0,0,0,0,3,11,0
3645,1972,PhD,Single,27213,1,0,30/08/2012,19,19,3,26,10,9,3,3,2,0,4,8,0,0,0,0,0,0,3,11,1
8890,1971,PhD,Divorced,65808,1,1,30/05/2014,1,155,7,80,13,7,10,3,5,1,5,6,0,0,0,0,0,0,3,11,0
5049,1974,PhD,Together,30351,1,0,06/06/2013,19,14,0,24,3,3,2,1,3,0,2,9,0,0,0,0,0,0,3,11,0
9973,1963,Graduation,Married,50437,0,2,17/10/2012,28,370,9,92,6,9,4,3,7,1,8,7,0,0,0,0,0,0,3,11,0
7301,1982,2n Cycle,Single,23616,1,0,17/11/2012,76,4,22,11,3,7,32,2,3,0,3,8,0,0,0,0,0,0,3,11,1
10882,1976,Graduation,Married,53858,0,1,09/11/2012,50,407,53,221,58,150,26,4,4,3,6,4,0,0,0,0,0,0,3,11,0
7030,1955,PhD,Married,66465,0,1,30/03/2013,1,1200,0,204,38,29,14,3,11,9,12,6,0,0,0,1,0,0,3,11,0
7422,1987,Graduation,Single,46923,1,0,22/08/2012,90,85,44,54,102,78,6,3,5,1,7,7,0,0,0,0,0,0,3,11,0
3523,1962,Graduation,Together,75072,0,1,23/01/2013,83,583,34,309,0,22,125,2,5,4,8,3,0,0,0,0,0,0,3,11,0
7106,1943,PhD,Married,75865,0,0,31/03/2014,73,483,0,591,156,0,12,1,3,5,10,1,0,0,0,0,0,0,3,11,0
6504,1975,2n Cycle,Together,19789,1,0,20/11/2013,24,2,5,9,28,6,28,3,2,1,3,5,1,0,0,0,0,0,3,11,0
5067,1994,Graduation,Together,80134,0,0,14/02/2014,11,966,26,282,52,26,26,1,2,7,11,5,0,1,1,1,1,0,3,11,0
4216,1981,Graduation,Single,91065,0,0,22/02/2013,33,822,114,108,179,137,114,1,7,9,9,3,0,0,1,1,0,0,3,11,1
8581,1971,Master,Married,49505,1,1,05/03/2013,4,604,0,100,19,0,28,9,10,2,8,8,0,0,0,0,0,0,3,11,0
5929,1973,PhD,Married,37401,1,0,06/05/2014,14,19,3,19,3,1,3,2,2,0,3,7,0,0,0,0,0,0,3,11,0
3129,1983,Graduation,Married,30096,1,0,22/05/2014,30,5,3,11,12,5,9,1,2,0,3,6,0,0,0,0,0,0,3,11,0
6528,1982,Master,Together,18492,1,0,05/06/2014,75,2,2,2,2,1,1,1,1,0,2,8,0,0,0,0,0,0,3,11,0
1361,1974,Master,Married,82584,0,0,04/06/2013,26,1076,68,103,29,91,68,1,3,4,8,1,0,1,1,0,0,0,3,11,1
6932,1941,PhD,Married,93027,0,0,13/04/2013,77,1285,42,716,55,0,21,0,7,10,5,2,0,0,1,0,0,0,3,11,0
7284,1953,Graduation,Married,48686,1,2,04/12/2013,8,10,0,7,2,0,1,1,1,0,2,8,0,0,0,0,0,0,3,11,0
1340,1986,Graduation,Married,92910,0,0,24/04/2014,42,551,137,792,179,103,33,1,6,7,13,1,0,1,1,1,0,0,3,11,0
8746,1989,Graduation,Married,75433,1,0,05/04/2014,28,800,0,297,0,34,57,2,2,5,10,6,0,1,0,1,0,0,3,11,0
5987,1989,2n Cycle,Together,10404,1,0,04/05/2014,52,2,2,11,10,6,12,2,1,0,4,5,0,0,0,0,0,0,3,11,0
3767,1968,Graduation,Married,61314,0,1,25/04/2013,1,378,0,189,97,172,172,2,5,5,12,3,0,0,0,0,0,0,3,11,0
3725,1961,PhD,Single,84865,0,0,09/05/2013,1,1248,16,349,43,16,16,1,2,4,9,4,0,1,1,1,1,0,3,11,1
4324,1989,Graduation,Married,42387,1,0,29/10/2012,42,235,0,235,19,4,191,5,8,1,7,8,0,0,0,0,0,0,3,11,0
238,1967,2n Cycle,Together,67309,1,1,23/01/2013,76,515,47,181,149,95,95,15,9,6,9,7,0,0,0,0,0,0,3,11,0
6694,1964,Graduation,Married,75236,0,1,25/11/2013,27,438,66,400,12,38,114,1,8,3,13,4,0,0,0,0,0,0,3,11,0
498,1970,Graduation,Single,30015,1,0,02/02/2014,28,25,0,22,2,3,5,2,1,0,4,5,0,0,0,0,0,0,3,11,0
9347,1956,Master,Together,50943,0,1,21/06/2013,49,31,0,7,2,0,6,1,1,0,3,5,0,0,0,0,0,0,3,11,0
9699,1966,Graduation,Divorced,67272,0,1,21/12/2013,12,357,35,271,28,28,14,3,6,2,12,5,0,0,0,0,0,0,3,11,0
10664,1949,Master,Widow,51529,0,1,07/09/2013,14,400,4,35,6,0,22,2,9,1,5,8,0,0,0,0,0,0,3,11,0
5455,1971,PhD,Married,32011,1,0,22/08/2013,89,99,0,15,2,1,5,3,2,1,4,7,0,0,0,0,0,0,3,11,0
456,1986,2n Cycle,Married,7500,1,0,07/02/2013,96,1,11,5,4,6,9,2,2,0,3,8,0,0,0,0,0,0,3,11,0
5012,1989,Graduation,Married,28691,1,0,04/07/2013,56,5,4,13,8,0,4,1,1,0,3,8,0,0,0,0,0,0,3,11,0
7495,1948,PhD,Married,56223,0,1,20/12/2013,72,77,28,31,16,0,4,2,2,1,5,4,0,0,0,0,0,0,3,11,0
5029,1946,Graduation,Married,18100,0,0,06/08/2013,14,3,1,2,4,3,1,1,0,0,3,5,0,0,0,0,0,0,3,11,0
10642,1989,Graduation,Single,30279,1,0,30/12/2012,13,10,4,14,4,4,1,1,1,0,3,8,0,0,0,0,0,0,3,11,0
2106,1974,2n Cycle,Married,20130,0,0,17/03/2014,99,0,6,3,7,6,12,1,1,0,3,8,0,0,0,0,0,0,3,11,0
10364,1959,Graduation,Divorced,23295,0,0,13/07/2013,72,0,0,1,2,12,5,1,1,0,2,8,0,0,0,0,0,0,3,11,0
5954,1972,Master,Divorced,42618,1,0,09/10/2013,92,76,14,74,13,5,10,2,5,0,4,8,0,0,0,0,0,0,3,11,0
1137,1964,Graduation,Single,81246,0,0,29/12/2013,87,398,190,537,61,156,37,1,4,5,7,1,1,0,0,1,0,0,3,11,0
2541,1976,Graduation,Married,24027,1,0,09/06/2013,7,14,7,11,11,0,5,2,2,0,3,8,0,0,0,0,0,0,3,11,0
1142,1953,PhD,Married,55707,0,1,22/12/2013,91,208,7,82,30,66,35,2,3,2,9,3,0,0,0,0,0,0,3,11,0
2276,1955,Graduation,Single,57959,0,1,02/05/2013,71,430,16,322,43,24,33,5,4,7,11,3,0,0,0,0,0,0,3,11,0
2807,1969,Graduation,Married,56796,0,1,16/02/2013,24,656,38,161,62,47,37,3,8,9,7,7,0,0,0,0,0,0,3,11,0
6471,1971,Master,Single,36230,1,0,17/10/2013,17,14,2,30,8,2,3,1,2,0,4,5,0,0,0,0,0,0,3,11,0
6131,1980,2n Cycle,Married,70829,1,1,01/12/2013,87,141,70,106,72,19,23,2,4,2,8,3,0,0,0,0,0,0,3,11,0
6233,1976,Graduation,Married,65991,0,1,07/09/2012,21,507,19,364,25,47,9,3,9,5,10,7,0,0,0,0,0,0,3,11,0
4148,1972,Graduation,Married,38988,1,2,20/08/2012,90,164,24,103,12,3,42,7,5,1,6,8,0,0,0,0,0,0,3,11,0
4947,1966,2n Cycle,Single,89572,0,0,15/09/2012,44,606,24,974,197,194,64,1,7,7,9,4,0,1,0,1,0,0,3,11,1
3225,1984,Master,Married,42207,1,0,01/04/2013,71,116,11,72,3,17,46,4,4,1,5,6,1,0,0,0,0,0,3,11,1
7540,1952,Graduation,Married,50300,0,1,25/05/2014,52,143,15,60,24,23,5,2,2,1,8,2,0,0,0,0,0,0,3,11,0
10648,1982,2n Cycle,Together,66664,0,0,25/09/2012,78,398,96,447,220,96,32,1,5,7,6,3,0,0,0,0,0,0,3,11,0
1992,1964,Graduation,Married,60597,0,1,01/01/2014,2,522,0,257,32,16,66,4,2,2,8,7,0,0,0,1,0,0,3,11,1
7851,1949,Graduation,Widow,70165,0,0,22/09/2013,60,161,0,253,199,191,122,1,3,7,11,1,0,0,0,0,0,0,3,11,0
8594,1958,PhD,Widow,50520,0,1,28/01/2014,25,112,0,6,2,1,14,2,3,1,3,6,0,0,0,0,0,0,3,11,0
7059,1963,Graduation,Married,80124,0,0,26/06/2014,47,483,84,398,205,84,241,1,3,7,8,1,1,0,0,0,0,0,3,11,0
2815,1975,Graduation,Married,33183,1,0,24/02/2014,46,7,5,39,17,15,37,2,4,0,3,7,0,0,0,0,0,0,3,11,0
2416,1969,PhD,Single,66582,0,0,03/03/2014,83,789,25,420,16,38,0,1,2,8,9,1,0,0,0,0,0,0,3,11,0
7999,1955,PhD,Together,75261,0,0,23/04/2013,17,1239,17,413,23,34,17,1,5,6,5,2,0,1,1,0,0,0,3,11,1
9213,1970,Graduation,Widow,31880,1,0,31/10/2012,13,4,1,5,2,0,3,1,1,0,2,8,0,0,0,0,0,0,3,11,0
9697,1951,Graduation,Married,53790,0,2,06/03/2014,86,335,42,127,28,5,5,3,7,2,8,6,0,0,0,0,0,0,3,11,0
3916,1971,PhD,Together,49269,1,0,15/08/2012,92,639,8,166,11,8,58,3,7,3,12,7,0,0,0,0,0,0,3,11,0
2021,1975,Graduation,Married,61456,0,1,27/03/2013,47,563,76,384,84,192,89,4,6,10,13,4,0,0,0,0,0,0,3,11,0
1581,1980,Graduation,Married,37406,1,0,10/10/2013,18,2,0,8,2,2,3,1,1,0,2,8,0,0,0,0,0,0,3,11,1
564,1981,PhD,Together,56937,1,0,04/08/2012,81,746,8,125,11,8,8,7,8,6,9,6,0,1,0,0,0,0,3,11,1
6619,1978,Graduation,Married,38415,1,1,02/01/2013,91,22,1,13,4,0,4,2,1,0,3,7,0,0,0,0,0,0,3,11,0
9081,1988,Graduation,Single,20518,1,0,18/05/2014,58,4,1,6,4,1,9,1,1,1,2,5,0,0,0,0,0,0,3,11,0
178,1956,Graduation,Married,62503,0,1,18/02/2013,40,478,0,193,110,75,117,4,8,3,11,5,0,0,0,0,0,0,3,11,0
916,1972,PhD,Single,41644,1,1,09/05/2014,67,20,3,4,2,0,2,2,1,0,3,3,0,0,0,0,0,0,3,11,0
5512,1977,Master,Married,55842,0,1,23/05/2014,19,451,0,39,0,4,24,1,7,1,8,5,0,0,0,0,0,0,3,11,0
8970,1972,PhD,Married,62010,0,1,23/10/2012,93,371,22,39,6,0,92,4,6,2,7,5,0,0,0,0,0,0,3,11,0
10581,1977,Graduation,Married,41124,1,0,31/10/2012,41,281,7,84,15,0,119,7,7,3,4,8,0,0,0,0,0,0,3,11,0
5300,1973,Master,Married,38961,1,0,30/12/2013,60,19,7,19,0,1,24,1,2,1,2,7,0,0,0,0,0,0,3,11,0
5154,1972,Master,Divorced,37760,1,0,11/08/2013,54,26,3,13,2,10,0,1,2,0,3,6,0,0,0,0,0,0,3,11,0
8346,1974,Graduation,Single,32233,1,0,19/08/2012,26,138,15,35,25,11,72,2,6,2,2,9,1,0,0,0,0,0,3,11,1
1676,1975,Graduation,Married,43057,0,1,30/10/2013,30,213,2,44,0,2,5,4,4,2,5,5,0,0,0,0,0,0,3,11,0
9286,1960,Master,Together,83151,0,0,10/10/2012,93,407,28,100,120,74,18,1,5,9,4,3,0,0,0,0,0,0,3,11,0
2426,1964,PhD,Divorced,78825,0,0,14/09/2012,35,483,74,114,169,37,18,1,5,10,13,3,0,0,0,0,0,0,3,11,1
5172,1976,Master,Together,65104,0,1,14/11/2013,4,738,0,232,13,20,50,2,3,5,7,7,0,0,0,0,0,0,3,11,0
5562,1974,Graduation,Married,60093,0,1,26/06/2013,92,502,12,109,16,6,90,2,7,2,10,6,0,0,0,0,0,0,3,11,0
3436,1969,Graduation,Married,14045,1,0,26/01/2014,24,11,0,5,2,1,1,1,1,0,3,7,0,0,0,0,0,0,3,11,0
3921,1952,2n Cycle,Widow,28457,0,0,28/10/2012,96,24,1,108,29,29,14,1,4,1,4,8,0,0,0,0,0,0,3,11,0
3403,1958,PhD,Together,78952,0,1,24/09/2012,11,1170,19,594,99,76,134,2,2,5,12,6,0,0,0,0,0,0,3,11,0
22,1976,Graduation,Divorced,46310,1,0,03/12/2012,99,185,2,88,15,5,14,2,6,1,5,8,0,0,0,0,0,0,3,11,0
10965,1955,Graduation,Together,76005,0,0,22/02/2013,72,983,20,389,240,50,40,1,3,5,13,6,0,0,0,1,0,0,3,11,0
9426,1964,Master,Single,58308,0,1,12/01/2013,77,691,0,69,10,0,130,4,2,6,3,8,0,0,0,0,0,0,3,11,0
6605,1944,PhD,Divorced,55614,0,0,27/11/2013,85,504,13,131,8,0,26,1,9,4,6,7,0,1,0,0,0,0,3,11,0
3136,1962,Master,Divorced,59432,0,1,13/04/2013,88,317,25,265,25,19,12,3,5,3,11,5,0,0,0,0,0,0,3,11,0
8737,1978,Graduation,Divorced,55563,0,1,05/04/2014,22,29,1,9,2,0,2,1,2,0,3,3,0,0,0,0,0,0,3,11,0
11088,1971,PhD,Together,78642,0,1,21/04/2013,83,1396,0,322,46,35,17,1,4,9,4,6,0,0,0,0,0,0,3,11,0
716,1949,PhD,Together,67911,0,1,22/05/2014,63,529,0,356,63,28,0,3,6,7,11,3,0,0,0,0,0,0,3,11,0
466,1944,Graduation,Married,65275,0,0,03/04/2013,9,388,14,218,91,14,21,1,4,3,13,2,0,0,0,0,0,0,3,11,0
